{
    "epoch": 3.0,
    "eval_loss": 1.0875110626220703,
    "eval_runtime": 13.2904,
    "eval_samples_per_second": 6.396,
    "eval_steps_per_second": 1.655,
    "num_input_tokens_seen": 4061024,
    "total_flos": 8.426847811823206e+16,
    "train_loss": 1.130601692199707,
    "train_runtime": 1043.9295,
    "train_samples_per_second": 1.374,
    "train_steps_per_second": 0.043
}